pos_id,judul,created_at,updated_at,tanggal,jam
MTI-M71EJD2RWKZ9,0,24-07-25 07:30,24-07-25 07:30,24-07-25,7
MTI-M71EJD2RWKZ9,0,24-07-25 08:01,24-07-25 08:31,24-07-25,8
MTI-M71EJD2RWKZ9,0,24-07-25 09:01,24-07-25 09:31,24-07-25,9
MTI-M71EJD2RWKZ9,0,24-07-25 10:01,24-07-25 10:01,24-07-25,10
MTI-M71EJD2RWKZ9,0,24-07-25 11:01,24-07-25 11:01,24-07-25,11
MTI-M71EJD2RWKZ9,0,24-07-25 12:01,24-07-25 12:01,24-07-25,12
MTI-M71EJD2RWKZ9,0,24-07-25 13:01,24-07-25 13:01,24-07-25,13
MTI-M71EJD2RWKZ9,0,24-07-25 14:01,24-07-25 14:01,24-07-25,14
MTI-M71EJD2RWKZ9,0,24-07-25 15:01,24-07-25 15:01,24-07-25,15
MTI-M71EJD2RWKZ9,0,24-07-25 16:01,24-07-25 16:01,24-07-25,16
MTI-M71EJD2RWKZ9,0,24-07-25 17:01,24-07-25 17:01,24-07-25,17
MTI-M71EJD2RWKZ9,0,24-07-25 18:01,24-07-25 18:01,24-07-25,18
MTI-M71EJD2RWKZ9,0,24-07-25 19:01,24-07-25 19:01,24-07-25,19
MTI-M71EJD2RWKZ9,0,24-07-25 20:01,24-07-25 20:01,24-07-25,20
MTI-M71EJD2RWKZ9,0,24-07-25 21:01,24-07-25 21:01,24-07-25,21
MTI-M71EJD2RWKZ9,0,24-07-25 23:32,24-07-25 23:32,24-07-25,23
MTI-M71EJD2RWKZ9,0,24-07-25 23:43,24-07-25 23:43,24-07-25,22
MTI-M71EJD2RWKZ9,0,25-07-25 00:01,25-07-25 00:31,25-07-25,0
MTI-M71EJD2RWKZ9,0,25-07-25 01:01,25-07-25 01:31,25-07-25,1
MTI-M71EJD2RWKZ9,0,25-07-25 02:01,25-07-25 02:31,25-07-25,2
MTI-M71EJD2RWKZ9,0,25-07-25 03:01,25-07-25 03:31,25-07-25,3
MTI-M71EJD2RWKZ9,0,25-07-25 04:01,25-07-25 04:31,25-07-25,4
MTI-M71EJD2RWKZ9,0,25-07-25 05:01,25-07-25 05:31,25-07-25,5
MTI-M71EJD2RWKZ9,0,25-07-25 06:01,25-07-25 06:31,25-07-25,6
MTI-M71EJD2RWKZ9,0,25-07-25 07:01,25-07-25 07:30,25-07-25,7
MTI-M71EJD2RWKZ9,0,25-07-25 08:01,25-07-25 08:31,25-07-25,8
MTI-M71EJD2RWKZ9,0,25-07-25 09:01,25-07-25 09:31,25-07-25,9
MTI-M71EJD2RWKZ9,0,25-07-25 10:01,25-07-25 10:01,25-07-25,10
MTI-M71EJD2RWKZ9,0,25-07-25 11:01,25-07-25 11:01,25-07-25,11
MTI-M71EJD2RWKZ9,0,25-07-25 12:01,25-07-25 12:01,25-07-25,12
MTI-M71EJD2RWKZ9,0,25-07-25 13:01,25-07-25 13:01,25-07-25,13
MTI-M71EJD2RWKZ9,0,25-07-25 14:01,25-07-25 14:01,25-07-25,14
MTI-M71EJD2RWKZ9,0,25-07-25 15:01,25-07-25 15:01,25-07-25,15
MTI-M71EJD2RWKZ9,0,25-07-25 16:01,25-07-25 16:01,25-07-25,16
MTI-M71EJD2RWKZ9,0,25-07-25 17:01,25-07-25 17:01,25-07-25,17
MTI-M71EJD2RWKZ9,0,25-07-25 18:01,25-07-25 18:01,25-07-25,18
MTI-M71EJD2RWKZ9,0,25-07-25 19:01,25-07-25 19:01,25-07-25,19
MTI-M71EJD2RWKZ9,0,25-07-25 20:01,25-07-25 20:01,25-07-25,20
MTI-M71EJD2RWKZ9,0,25-07-25 21:01,25-07-25 21:01,25-07-25,21
MTI-M71EJD2RWKZ9,0,25-07-25 22:01,25-07-25 22:01,25-07-25,22
MTI-M71EJD2RWKZ9,0,25-07-25 23:01,25-07-25 23:01,25-07-25,23
MTI-M71EJD2RWKZ9,0,26-07-25 00:01,26-07-25 00:31,26-07-25,0
MTI-M71EJD2RWKZ9,0,26-07-25 01:01,26-07-25 01:30,26-07-25,1
MTI-M71EJD2RWKZ9,0,26-07-25 02:00,26-07-25 02:31,26-07-25,2
MTI-M71EJD2RWKZ9,0,26-07-25 03:01,26-07-25 03:31,26-07-25,3
MTI-M71EJD2RWKZ9,0,26-07-25 04:01,26-07-25 04:30,26-07-25,4
MTI-M71EJD2RWKZ9,0,26-07-25 05:01,26-07-25 05:31,26-07-25,5
MTI-M71EJD2RWKZ9,0,26-07-25 06:01,26-07-25 06:31,26-07-25,6
MTI-M71EJD2RWKZ9,0,26-07-25 07:01,26-07-25 07:31,26-07-25,7
MTI-M71EJD2RWKZ9,0,26-07-25 08:01,26-07-25 08:31,26-07-25,8
MTI-M71EJD2RWKZ9,0,26-07-25 09:01,26-07-25 09:31,26-07-25,9
MTI-M71EJD2RWKZ9,0,26-07-25 10:01,26-07-25 10:01,26-07-25,10
MTI-M71EJD2RWKZ9,0,26-07-25 11:01,26-07-25 11:01,26-07-25,11
MTI-M71EJD2RWKZ9,0,26-07-25 12:01,26-07-25 12:01,26-07-25,12
MTI-M71EJD2RWKZ9,0,26-07-25 13:01,26-07-25 13:01,26-07-25,13
MTI-M71EJD2RWKZ9,0,26-07-25 14:01,26-07-25 14:01,26-07-25,14
MTI-M71EJD2RWKZ9,0,26-07-25 15:01,26-07-25 15:01,26-07-25,15
MTI-M71EJD2RWKZ9,0,26-07-25 16:02,26-07-25 16:02,26-07-25,16
MTI-M71EJD2RWKZ9,0,26-07-25 17:01,26-07-25 17:01,26-07-25,17
MTI-M71EJD2RWKZ9,0,26-07-25 18:01,26-07-25 18:01,26-07-25,18
MTI-M71EJD2RWKZ9,0,26-07-25 19:01,26-07-25 19:01,26-07-25,19
MTI-M71EJD2RWKZ9,0,26-07-25 20:01,26-07-25 20:01,26-07-25,20
MTI-M71EJD2RWKZ9,0,26-07-25 21:01,26-07-25 21:01,26-07-25,21
MTI-M71EJD2RWKZ9,0,26-07-25 22:02,26-07-25 22:02,26-07-25,22
MTI-M71EJD2RWKZ9,0,26-07-25 23:00,26-07-25 23:00,26-07-25,23
MTI-M71EJD2RWKZ9,0,27-07-25 00:01,27-07-25 00:31,27-07-25,0
MTI-M71EJD2RWKZ9,0,27-07-25 01:02,27-07-25 01:31,27-07-25,1
MTI-M71EJD2RWKZ9,0,27-07-25 02:01,27-07-25 02:31,27-07-25,2
MTI-M71EJD2RWKZ9,0,27-07-25 03:01,27-07-25 03:31,27-07-25,3
MTI-M71EJD2RWKZ9,0,27-07-25 04:01,27-07-25 04:31,27-07-25,4
MTI-M71EJD2RWKZ9,0,27-07-25 05:01,27-07-25 05:31,27-07-25,5
MTI-M71EJD2RWKZ9,0,27-07-25 06:01,27-07-25 06:31,27-07-25,6
MTI-M71EJD2RWKZ9,0,27-07-25 07:02,27-07-25 07:31,27-07-25,7
MTI-M71EJD2RWKZ9,0,27-07-25 08:01,27-07-25 08:31,27-07-25,8
MTI-M71EJD2RWKZ9,0,27-07-25 09:01,27-07-25 09:31,27-07-25,9
MTI-M71EJD2RWKZ9,0,27-07-25 10:01,27-07-25 10:01,27-07-25,10
MTI-M71EJD2RWKZ9,0,27-07-25 11:01,27-07-25 11:01,27-07-25,11
MTI-M71EJD2RWKZ9,0,27-07-25 12:01,27-07-25 12:01,27-07-25,12
MTI-M71EJD2RWKZ9,0,27-07-25 13:01,27-07-25 13:01,27-07-25,13
MTI-M71EJD2RWKZ9,0,27-07-25 14:01,27-07-25 14:01,27-07-25,14
MTI-M71EJD2RWKZ9,0,27-07-25 15:01,27-07-25 15:01,27-07-25,15
MTI-M71EJD2RWKZ9,0,27-07-25 16:01,27-07-25 16:01,27-07-25,16
MTI-M71EJD2RWKZ9,0,27-07-25 17:01,27-07-25 17:01,27-07-25,17
MTI-M71EJD2RWKZ9,0,27-07-25 18:01,27-07-25 18:01,27-07-25,18
MTI-M71EJD2RWKZ9,0.4,27-07-25 19:01,27-07-25 19:01,27-07-25,19
MTI-M71EJD2RWKZ9,0,27-07-25 20:01,27-07-25 20:01,27-07-25,20
MTI-M71EJD2RWKZ9,0,27-07-25 21:01,27-07-25 21:01,27-07-25,21
MTI-M71EJD2RWKZ9,0,27-07-25 22:02,27-07-25 22:02,27-07-25,22
MTI-M71EJD2RWKZ9,0,27-07-25 23:01,27-07-25 23:01,27-07-25,23
MTI-M71EJD2RWKZ9,0,28-07-25 00:01,28-07-25 00:31,28-07-25,0
MTI-M71EJD2RWKZ9,0,28-07-25 01:01,28-07-25 01:31,28-07-25,1
MTI-M71EJD2RWKZ9,0,28-07-25 02:01,28-07-25 02:31,28-07-25,2
MTI-M71EJD2RWKZ9,0,28-07-25 03:01,28-07-25 03:31,28-07-25,3
MTI-M71EJD2RWKZ9,0,28-07-25 04:01,28-07-25 04:30,28-07-25,4
MTI-M71EJD2RWKZ9,0.2,28-07-25 05:01,28-07-25 05:31,28-07-25,5
MTI-M71EJD2RWKZ9,0,28-07-25 06:01,28-07-25 06:31,28-07-25,6
MTI-M71EJD2RWKZ9,0,28-07-25 07:01,28-07-25 07:30,28-07-25,7
MTI-M71EJD2RWKZ9,0,28-07-25 08:01,28-07-25 08:31,28-07-25,8
MTI-M71EJD2RWKZ9,0,28-07-25 09:01,28-07-25 09:31,28-07-25,9
MTI-M71EJD2RWKZ9,0,28-07-25 10:02,28-07-25 10:02,28-07-25,10
MTI-M71EJD2RWKZ9,0,28-07-25 11:01,28-07-25 11:01,28-07-25,11
MTI-M71EJD2RWKZ9,0,28-07-25 12:01,28-07-25 12:01,28-07-25,12
MTI-M71EJD2RWKZ9,0,28-07-25 13:01,28-07-25 13:01,28-07-25,13
MTI-M71EJD2RWKZ9,0,28-07-25 14:01,28-07-25 14:01,28-07-25,14
MTI-M71EJD2RWKZ9,0,28-07-25 15:01,28-07-25 15:01,28-07-25,15
MTI-M71EJD2RWKZ9,0,28-07-25 16:01,28-07-25 16:01,28-07-25,16
MTI-M71EJD2RWKZ9,0,28-07-25 17:01,28-07-25 17:01,28-07-25,17
MTI-M71EJD2RWKZ9,0,28-07-25 18:01,28-07-25 18:01,28-07-25,18
MTI-M71EJD2RWKZ9,0,28-07-25 19:01,28-07-25 19:01,28-07-25,19
MTI-M71EJD2RWKZ9,0,28-07-25 20:01,28-07-25 20:01,28-07-25,20
MTI-M71EJD2RWKZ9,0,28-07-25 21:01,28-07-25 21:01,28-07-25,21
MTI-M71EJD2RWKZ9,0,28-07-25 22:01,28-07-25 22:01,28-07-25,22
MTI-M71EJD2RWKZ9,0,29-07-25 00:51,29-07-25 01:13,29-07-25,0
MTI-M71EJD2RWKZ9,0,29-07-25 01:01,29-07-25 01:31,29-07-25,1
MTI-M71EJD2RWKZ9,0,29-07-25 01:19,29-07-25 01:19,28-07-25,23
MTI-M71EJD2RWKZ9,0,29-07-25 02:01,29-07-25 02:31,29-07-25,2
MTI-M71EJD2RWKZ9,0,29-07-25 03:01,29-07-25 03:31,29-07-25,3
MTI-M71EJD2RWKZ9,0,29-07-25 04:02,29-07-25 04:31,29-07-25,4
MTI-M71EJD2RWKZ9,0,29-07-25 05:01,29-07-25 05:31,29-07-25,5
MTI-M71EJD2RWKZ9,0,29-07-25 06:01,29-07-25 06:31,29-07-25,6
MTI-M71EJD2RWKZ9,0,29-07-25 07:01,29-07-25 07:30,29-07-25,7
MTI-M71EJD2RWKZ9,0,29-07-25 08:01,29-07-25 08:31,29-07-25,8
MTI-M71EJD2RWKZ9,0,29-07-25 09:01,29-07-25 09:31,29-07-25,9
MTI-M71EJD2RWKZ9,0,29-07-25 10:01,29-07-25 10:01,29-07-25,10
MTI-M71EJD2RWKZ9,0,29-07-25 11:01,29-07-25 11:01,29-07-25,11
MTI-M71EJD2RWKZ9,0,29-07-25 12:01,29-07-25 12:01,29-07-25,12
MTI-M71EJD2RWKZ9,0,29-07-25 13:01,29-07-25 13:01,29-07-25,13
MTI-M71EJD2RWKZ9,0,29-07-25 14:01,29-07-25 14:01,29-07-25,14
MTI-M71EJD2RWKZ9,0,29-07-25 15:01,29-07-25 15:01,29-07-25,15
MTI-M71EJD2RWKZ9,0,29-07-25 16:01,29-07-25 16:01,29-07-25,16
MTI-M71EJD2RWKZ9,0,29-07-25 17:01,29-07-25 17:01,29-07-25,17
MTI-M71EJD2RWKZ9,0,29-07-25 18:01,29-07-25 18:01,29-07-25,18
MTI-M71EJD2RWKZ9,0,29-07-25 19:01,29-07-25 19:01,29-07-25,19
MTI-M71EJD2RWKZ9,0,29-07-25 20:01,29-07-25 20:01,29-07-25,20
MTI-M71EJD2RWKZ9,0,29-07-25 21:01,29-07-25 21:01,29-07-25,21
MTI-M71EJD2RWKZ9,0,29-07-25 22:01,29-07-25 22:01,29-07-25,22
MTI-M71EJD2RWKZ9,0,29-07-25 23:01,29-07-25 23:01,29-07-25,23
MTI-M71EJD2RWKZ9,0,30-07-25 00:01,30-07-25 00:31,30-07-25,0
MTI-M71EJD2RWKZ9,0,30-07-25 01:01,30-07-25 01:31,30-07-25,1
MTI-M71EJD2RWKZ9,0,30-07-25 02:01,30-07-25 02:31,30-07-25,2
MTI-M71EJD2RWKZ9,0,30-07-25 03:01,30-07-25 03:30,30-07-25,3
MTI-M71EJD2RWKZ9,0,30-07-25 04:01,30-07-25 04:30,30-07-25,4
MTI-M71EJD2RWKZ9,0,30-07-25 05:01,30-07-25 05:31,30-07-25,5
MTI-M71EJD2RWKZ9,0,30-07-25 06:01,30-07-25 06:31,30-07-25,6
MTI-M71EJD2RWKZ9,0,30-07-25 07:01,30-07-25 07:30,30-07-25,7
MTI-M71EJD2RWKZ9,0,30-07-25 08:01,30-07-25 08:31,30-07-25,8
MTI-M71EJD2RWKZ9,0,30-07-25 09:01,30-07-25 09:31,30-07-25,9
MTI-M71EJD2RWKZ9,0,30-07-25 10:01,30-07-25 10:01,30-07-25,10
MTI-M71EJD2RWKZ9,0,30-07-25 11:01,30-07-25 11:01,30-07-25,11
MTI-M71EJD2RWKZ9,0,30-07-25 12:01,30-07-25 12:01,30-07-25,12
MTI-M71EJD2RWKZ9,0,30-07-25 13:01,30-07-25 13:01,30-07-25,13
MTI-M71EJD2RWKZ9,0,30-07-25 14:01,30-07-25 14:01,30-07-25,14
MTI-M71EJD2RWKZ9,0,30-07-25 15:01,30-07-25 15:01,30-07-25,15
MTI-M71EJD2RWKZ9,0,30-07-25 16:01,30-07-25 16:01,30-07-25,16
MTI-M71EJD2RWKZ9,0,30-07-25 17:01,30-07-25 17:01,30-07-25,17
MTI-M71EJD2RWKZ9,0,30-07-25 18:01,30-07-25 18:01,30-07-25,18
MTI-M71EJD2RWKZ9,0,30-07-25 19:01,30-07-25 19:01,30-07-25,19
MTI-M71EJD2RWKZ9,0,30-07-25 20:01,30-07-25 20:01,30-07-25,20
MTI-M71EJD2RWKZ9,0,30-07-25 21:01,30-07-25 21:01,30-07-25,21
MTI-M71EJD2RWKZ9,0,30-07-25 22:02,30-07-25 22:02,30-07-25,22
MTI-M71EJD2RWKZ9,0,30-07-25 23:01,30-07-25 23:01,30-07-25,23
MTI-M71EJD2RWKZ9,0,31-07-25 00:01,31-07-25 00:31,31-07-25,0
MTI-M71EJD2RWKZ9,0,31-07-25 01:01,31-07-25 01:30,31-07-25,1
MTI-M71EJD2RWKZ9,0,31-07-25 02:00,31-07-25 02:31,31-07-25,2
MTI-M71EJD2RWKZ9,0,31-07-25 03:01,31-07-25 03:31,31-07-25,3
MTI-M71EJD2RWKZ9,0,31-07-25 04:01,31-07-25 04:31,31-07-25,4
MTI-M71EJD2RWKZ9,0,31-07-25 05:01,31-07-25 05:31,31-07-25,5
MTI-M71EJD2RWKZ9,0,31-07-25 06:01,31-07-25 06:31,31-07-25,6
MTI-M71EJD2RWKZ9,0,31-07-25 07:01,31-07-25 07:31,31-07-25,7
MTI-M71EJD2RWKZ9,0,31-07-25 08:01,31-07-25 08:31,31-07-25,8
MTI-M71EJD2RWKZ9,0,31-07-25 09:01,31-07-25 09:31,31-07-25,9
MTI-M71EJD2RWKZ9,0,31-07-25 10:01,31-07-25 10:01,31-07-25,10
MTI-M71EJD2RWKZ9,0,31-07-25 11:01,31-07-25 11:01,31-07-25,11
MTI-M71EJD2RWKZ9,0,31-07-25 12:01,31-07-25 12:01,31-07-25,12
MTI-M71EJD2RWKZ9,0,31-07-25 13:01,31-07-25 13:01,31-07-25,13
MTI-M71EJD2RWKZ9,0,31-07-25 14:01,31-07-25 14:01,31-07-25,14
MTI-M71EJD2RWKZ9,0,31-07-25 15:01,31-07-25 15:01,31-07-25,15
MTI-M71EJD2RWKZ9,0,31-07-25 16:01,31-07-25 16:01,31-07-25,16
MTI-M71EJD2RWKZ9,0,31-07-25 17:01,31-07-25 17:01,31-07-25,17
MTI-M71EJD2RWKZ9,0,31-07-25 18:01,31-07-25 18:01,31-07-25,18
MTI-M71EJD2RWKZ9,0,31-07-25 19:01,31-07-25 19:01,31-07-25,19
MTI-M71EJD2RWKZ9,0,31-07-25 20:01,31-07-25 20:01,31-07-25,20
MTI-M71EJD2RWKZ9,0,31-07-25 21:01,31-07-25 21:01,31-07-25,21
MTI-M71EJD2RWKZ9,0,31-07-25 22:01,31-07-25 22:01,31-07-25,22
MTI-M71EJD2RWKZ9,0,31-07-25 23:01,31-07-25 23:01,31-07-25,23
MTI-M71EJD2RWKZ9,0,01-08-25 00:01,01-08-25 00:31,01-08-25,0
MTI-M71EJD2RWKZ9,0,01-08-25 01:01,01-08-25 01:30,01-08-25,1
MTI-M71EJD2RWKZ9,0,01-08-25 02:01,01-08-25 02:31,01-08-25,2
MTI-M71EJD2RWKZ9,0,01-08-25 03:01,01-08-25 03:31,01-08-25,3
MTI-M71EJD2RWKZ9,0,01-08-25 04:01,01-08-25 04:30,01-08-25,4
MTI-M71EJD2RWKZ9,0,01-08-25 05:01,01-08-25 05:31,01-08-25,5
MTI-M71EJD2RWKZ9,0,01-08-25 06:01,01-08-25 06:31,01-08-25,6
MTI-M71EJD2RWKZ9,0,01-08-25 07:01,01-08-25 07:31,01-08-25,7
MTI-M71EJD2RWKZ9,0,01-08-25 08:01,01-08-25 08:31,01-08-25,8
MTI-M71EJD2RWKZ9,0,01-08-25 09:01,01-08-25 09:31,01-08-25,9
MTI-M71EJD2RWKZ9,0,01-08-25 10:02,01-08-25 10:02,01-08-25,10
MTI-M71EJD2RWKZ9,0,01-08-25 11:01,01-08-25 11:01,01-08-25,11
MTI-M71EJD2RWKZ9,0,01-08-25 12:01,01-08-25 12:01,01-08-25,12
MTI-M71EJD2RWKZ9,0,01-08-25 13:01,01-08-25 13:01,01-08-25,13
MTI-M71EJD2RWKZ9,0,01-08-25 14:01,01-08-25 14:01,01-08-25,14
MTI-M71EJD2RWKZ9,0,01-08-25 15:01,01-08-25 15:01,01-08-25,15
MTI-M71EJD2RWKZ9,0,01-08-25 16:01,01-08-25 16:01,01-08-25,16
MTI-M71EJD2RWKZ9,0,01-08-25 17:01,01-08-25 17:01,01-08-25,17
MTI-M71EJD2RWKZ9,0,01-08-25 18:01,01-08-25 18:01,01-08-25,18
MTI-M71EJD2RWKZ9,0,01-08-25 19:01,01-08-25 19:01,01-08-25,19
MTI-M71EJD2RWKZ9,0,01-08-25 20:01,01-08-25 20:01,01-08-25,20
MTI-M71EJD2RWKZ9,0,01-08-25 21:01,01-08-25 21:01,01-08-25,21
MTI-M71EJD2RWKZ9,0,01-08-25 22:02,01-08-25 22:02,01-08-25,22
MTI-M71EJD2RWKZ9,0,01-08-25 23:01,01-08-25 23:01,01-08-25,23
MTI-M71EJD2RWKZ9,0,02-08-25 00:01,02-08-25 00:31,02-08-25,0
MTI-M71EJD2RWKZ9,0,02-08-25 01:01,02-08-25 01:31,02-08-25,1
MTI-M71EJD2RWKZ9,0,02-08-25 02:01,02-08-25 02:31,02-08-25,2
MTI-M71EJD2RWKZ9,0,02-08-25 03:01,02-08-25 03:31,02-08-25,3
MTI-M71EJD2RWKZ9,0,02-08-25 04:01,02-08-25 04:31,02-08-25,4
MTI-M71EJD2RWKZ9,0,02-08-25 05:01,02-08-25 05:31,02-08-25,5
MTI-M71EJD2RWKZ9,0,02-08-25 06:01,02-08-25 06:31,02-08-25,6
MTI-M71EJD2RWKZ9,0,02-08-25 07:01,02-08-25 07:31,02-08-25,7
MTI-M71EJD2RWKZ9,0,02-08-25 08:01,02-08-25 08:31,02-08-25,8
MTI-M71EJD2RWKZ9,0,02-08-25 09:01,02-08-25 09:31,02-08-25,9
MTI-M71EJD2RWKZ9,0,02-08-25 10:01,02-08-25 10:01,02-08-25,10
MTI-M71EJD2RWKZ9,0,02-08-25 11:01,02-08-25 11:01,02-08-25,11
MTI-M71EJD2RWKZ9,0,02-08-25 12:01,02-08-25 12:01,02-08-25,12
MTI-M71EJD2RWKZ9,0,02-08-25 13:01,02-08-25 13:01,02-08-25,13
MTI-M71EJD2RWKZ9,0,02-08-25 14:01,02-08-25 14:01,02-08-25,14
MTI-M71EJD2RWKZ9,0,02-08-25 15:01,02-08-25 15:01,02-08-25,15
MTI-M71EJD2RWKZ9,0,02-08-25 16:01,02-08-25 16:01,02-08-25,16
MTI-M71EJD2RWKZ9,0,02-08-25 17:01,02-08-25 17:01,02-08-25,17
MTI-M71EJD2RWKZ9,0,02-08-25 18:01,02-08-25 18:01,02-08-25,18
MTI-M71EJD2RWKZ9,0,02-08-25 19:01,02-08-25 19:01,02-08-25,19
MTI-M71EJD2RWKZ9,0,02-08-25 20:01,02-08-25 20:01,02-08-25,20
MTI-M71EJD2RWKZ9,0,02-08-25 21:01,02-08-25 21:01,02-08-25,21
MTI-M71EJD2RWKZ9,0,02-08-25 22:02,02-08-25 22:02,02-08-25,22
MTI-M71EJD2RWKZ9,0,02-08-25 23:01,02-08-25 23:01,02-08-25,23
MTI-M71EJD2RWKZ9,0,03-08-25 00:01,03-08-25 00:31,03-08-25,0
MTI-M71EJD2RWKZ9,0,03-08-25 01:01,03-08-25 01:31,03-08-25,1
MTI-M71EJD2RWKZ9,0,03-08-25 02:01,03-08-25 02:31,03-08-25,2
MTI-M71EJD2RWKZ9,0,03-08-25 03:01,03-08-25 03:31,03-08-25,3
MTI-M71EJD2RWKZ9,0,03-08-25 04:01,03-08-25 04:31,03-08-25,4
MTI-M71EJD2RWKZ9,0,03-08-25 05:01,03-08-25 05:31,03-08-25,5
MTI-M71EJD2RWKZ9,0,03-08-25 06:01,03-08-25 06:31,03-08-25,6
MTI-M71EJD2RWKZ9,0,03-08-25 07:01,03-08-25 07:31,03-08-25,7
MTI-M71EJD2RWKZ9,0,03-08-25 08:01,03-08-25 08:31,03-08-25,8
MTI-M71EJD2RWKZ9,0,03-08-25 09:01,03-08-25 09:31,03-08-25,9
MTI-M71EJD2RWKZ9,0,03-08-25 10:01,03-08-25 10:01,03-08-25,10
MTI-M71EJD2RWKZ9,0,03-08-25 11:01,03-08-25 11:01,03-08-25,11
MTI-M71EJD2RWKZ9,0,03-08-25 12:01,03-08-25 12:01,03-08-25,12
MTI-M71EJD2RWKZ9,0,03-08-25 13:02,03-08-25 13:02,03-08-25,13
MTI-M71EJD2RWKZ9,0,03-08-25 14:01,03-08-25 14:01,03-08-25,14
MTI-M71EJD2RWKZ9,0,03-08-25 15:01,03-08-25 15:01,03-08-25,15
MTI-M71EJD2RWKZ9,0,03-08-25 16:01,03-08-25 16:01,03-08-25,16
MTI-M71EJD2RWKZ9,0,03-08-25 17:01,03-08-25 17:01,03-08-25,17
MTI-M71EJD2RWKZ9,0,03-08-25 18:01,03-08-25 18:01,03-08-25,18
MTI-M71EJD2RWKZ9,0,03-08-25 19:01,03-08-25 19:01,03-08-25,19
MTI-M71EJD2RWKZ9,0,03-08-25 20:01,03-08-25 20:01,03-08-25,20
MTI-M71EJD2RWKZ9,0,03-08-25 21:01,03-08-25 21:01,03-08-25,21
MTI-M71EJD2RWKZ9,0,03-08-25 22:02,03-08-25 22:02,03-08-25,22
MTI-M71EJD2RWKZ9,0,03-08-25 23:01,03-08-25 23:01,03-08-25,23
MTI-M71EJD2RWKZ9,0,04-08-25 00:01,04-08-25 00:31,04-08-25,0
MTI-M71EJD2RWKZ9,0,04-08-25 01:01,04-08-25 01:31,04-08-25,1
MTI-M71EJD2RWKZ9,0,04-08-25 02:01,04-08-25 02:31,04-08-25,2
MTI-M71EJD2RWKZ9,0,04-08-25 03:01,04-08-25 03:31,04-08-25,3
MTI-M71EJD2RWKZ9,0,04-08-25 04:01,04-08-25 04:31,04-08-25,4
MTI-M71EJD2RWKZ9,0,04-08-25 05:01,04-08-25 05:31,04-08-25,5
MTI-M71EJD2RWKZ9,0,04-08-25 06:01,04-08-25 06:31,04-08-25,6
MTI-M71EJD2RWKZ9,0,04-08-25 07:01,04-08-25 07:33,04-08-25,7
MTI-M71EJD2RWKZ9,0,04-08-25 08:01,04-08-25 08:31,04-08-25,8
MTI-M71EJD2RWKZ9,0,04-08-25 09:01,04-08-25 09:31,04-08-25,9
MTI-M71EJD2RWKZ9,0,04-08-25 10:01,04-08-25 10:01,04-08-25,10
MTI-M71EJD2RWKZ9,0,04-08-25 11:01,04-08-25 11:01,04-08-25,11
MTI-M71EJD2RWKZ9,0,04-08-25 12:01,04-08-25 12:01,04-08-25,12
MTI-M71EJD2RWKZ9,0,04-08-25 13:01,04-08-25 13:01,04-08-25,13
MTI-M71EJD2RWKZ9,0,04-08-25 14:01,04-08-25 14:01,04-08-25,14
MTI-M71EJD2RWKZ9,0,04-08-25 15:01,04-08-25 15:01,04-08-25,15
MTI-M71EJD2RWKZ9,0,04-08-25 16:01,04-08-25 16:01,04-08-25,16
MTI-M71EJD2RWKZ9,0,04-08-25 17:01,04-08-25 17:01,04-08-25,17
MTI-M71EJD2RWKZ9,0,04-08-25 18:01,04-08-25 18:01,04-08-25,18
MTI-M71EJD2RWKZ9,0,04-08-25 19:01,04-08-25 19:01,04-08-25,19
MTI-M71EJD2RWKZ9,0,04-08-25 20:01,04-08-25 20:01,04-08-25,20
MTI-M71EJD2RWKZ9,0,04-08-25 21:01,04-08-25 21:01,04-08-25,21
MTI-M71EJD2RWKZ9,0,04-08-25 22:01,04-08-25 22:01,04-08-25,22
MTI-M71EJD2RWKZ9,0,04-08-25 23:01,04-08-25 23:01,04-08-25,23
MTI-M71EJD2RWKZ9,0,05-08-25 00:01,05-08-25 00:31,05-08-25,0
MTI-M71EJD2RWKZ9,0,05-08-25 01:01,05-08-25 01:31,05-08-25,1
MTI-M71EJD2RWKZ9,0,05-08-25 02:01,05-08-25 02:31,05-08-25,2
MTI-M71EJD2RWKZ9,0,05-08-25 03:01,05-08-25 03:31,05-08-25,3
MTI-M71EJD2RWKZ9,0,05-08-25 04:01,05-08-25 04:31,05-08-25,4
MTI-M71EJD2RWKZ9,0,05-08-25 05:01,05-08-25 05:31,05-08-25,5
MTI-M71EJD2RWKZ9,0,05-08-25 06:01,05-08-25 06:31,05-08-25,6
MTI-M71EJD2RWKZ9,0,05-08-25 07:02,05-08-25 07:31,05-08-25,7
MTI-M71EJD2RWKZ9,0,05-08-25 08:01,05-08-25 08:31,05-08-25,8
MTI-M71EJD2RWKZ9,0,05-08-25 09:01,05-08-25 09:31,05-08-25,9
MTI-M71EJD2RWKZ9,0,05-08-25 10:01,05-08-25 10:01,05-08-25,10
MTI-M71EJD2RWKZ9,0,05-08-25 11:01,05-08-25 11:01,05-08-25,11
MTI-M71EJD2RWKZ9,0,05-08-25 12:01,05-08-25 12:01,05-08-25,12
MTI-M71EJD2RWKZ9,0,05-08-25 13:02,05-08-25 13:02,05-08-25,13
MTI-M71EJD2RWKZ9,0,05-08-25 14:01,05-08-25 14:01,05-08-25,14
MTI-M71EJD2RWKZ9,0,05-08-25 15:01,05-08-25 15:01,05-08-25,15
MTI-M71EJD2RWKZ9,0,05-08-25 16:01,05-08-25 16:01,05-08-25,16
MTI-M71EJD2RWKZ9,0,05-08-25 17:01,05-08-25 17:01,05-08-25,17
MTI-M71EJD2RWKZ9,0,05-08-25 18:01,05-08-25 18:01,05-08-25,18
MTI-M71EJD2RWKZ9,0,05-08-25 19:01,05-08-25 19:01,05-08-25,19
MTI-M71EJD2RWKZ9,0,05-08-25 20:01,05-08-25 20:01,05-08-25,20
MTI-M71EJD2RWKZ9,0,05-08-25 21:01,05-08-25 21:01,05-08-25,21
MTI-M71EJD2RWKZ9,0,05-08-25 22:01,05-08-25 22:01,05-08-25,22
MTI-M71EJD2RWKZ9,0,05-08-25 23:01,05-08-25 23:01,05-08-25,23
MTI-M71EJD2RWKZ9,0,06-08-25 00:01,06-08-25 00:31,06-08-25,0
MTI-M71EJD2RWKZ9,0,06-08-25 01:01,06-08-25 01:31,06-08-25,1
MTI-M71EJD2RWKZ9,0,06-08-25 02:01,06-08-25 02:31,06-08-25,2
MTI-M71EJD2RWKZ9,0,06-08-25 03:01,06-08-25 03:31,06-08-25,3
MTI-M71EJD2RWKZ9,0,06-08-25 04:01,06-08-25 04:31,06-08-25,4
MTI-M71EJD2RWKZ9,0,06-08-25 05:01,06-08-25 05:31,06-08-25,5
MTI-M71EJD2RWKZ9,0,06-08-25 06:01,06-08-25 06:31,06-08-25,6
MTI-M71EJD2RWKZ9,0,06-08-25 07:01,06-08-25 07:31,06-08-25,7
MTI-M71EJD2RWKZ9,0,06-08-25 08:01,06-08-25 08:31,06-08-25,8
MTI-M71EJD2RWKZ9,0,06-08-25 09:01,06-08-25 09:31,06-08-25,9
MTI-M71EJD2RWKZ9,0,06-08-25 10:01,06-08-25 10:01,06-08-25,10
MTI-M71EJD2RWKZ9,0,06-08-25 11:01,06-08-25 11:01,06-08-25,11
MTI-M71EJD2RWKZ9,0,06-08-25 12:01,06-08-25 12:01,06-08-25,12
MTI-M71EJD2RWKZ9,0,06-08-25 13:01,06-08-25 13:01,06-08-25,13
MTI-M71EJD2RWKZ9,0,06-08-25 14:01,06-08-25 14:01,06-08-25,14
MTI-M71EJD2RWKZ9,0,06-08-25 15:01,06-08-25 15:01,06-08-25,15
MTI-M71EJD2RWKZ9,0,06-08-25 16:01,06-08-25 16:01,06-08-25,16
MTI-M71EJD2RWKZ9,0,06-08-25 17:01,06-08-25 17:01,06-08-25,17
MTI-M71EJD2RWKZ9,0,06-08-25 18:01,06-08-25 18:01,06-08-25,18
MTI-M71EJD2RWKZ9,0,06-08-25 19:01,06-08-25 19:01,06-08-25,19
MTI-M71EJD2RWKZ9,0,06-08-25 20:01,06-08-25 20:01,06-08-25,20
MTI-M71EJD2RWKZ9,0,06-08-25 21:01,06-08-25 21:01,06-08-25,21
MTI-M71EJD2RWKZ9,0,06-08-25 22:01,06-08-25 22:01,06-08-25,22
MTI-M71EJD2RWKZ9,0,06-08-25 22:01,06-08-25 22:01,06-08-25,22
MTI-M71EJD2RWKZ9,0,06-08-25 23:01,06-08-25 23:01,06-08-25,23
MTI-M71EJD2RWKZ9,0,07-08-25 00:01,07-08-25 00:31,07-08-25,0
MTI-M71EJD2RWKZ9,0,07-08-25 01:01,07-08-25 01:31,07-08-25,1
MTI-M71EJD2RWKZ9,0,07-08-25 02:01,07-08-25 02:31,07-08-25,2
MTI-M71EJD2RWKZ9,0,07-08-25 03:01,07-08-25 03:31,07-08-25,3
MTI-M71EJD2RWKZ9,0,07-08-25 04:01,07-08-25 04:31,07-08-25,4
MTI-M71EJD2RWKZ9,0,07-08-25 05:01,07-08-25 05:31,07-08-25,5
MTI-M71EJD2RWKZ9,0,07-08-25 06:01,07-08-25 06:31,07-08-25,6
MTI-M71EJD2RWKZ9,0,07-08-25 07:01,07-08-25 07:31,07-08-25,7
MTI-M71EJD2RWKZ9,0,07-08-25 08:01,07-08-25 08:31,07-08-25,8
MTI-M71EJD2RWKZ9,0,07-08-25 09:01,07-08-25 09:31,07-08-25,9
MTI-M71EJD2RWKZ9,0,07-08-25 10:01,07-08-25 10:01,07-08-25,10
MTI-M71EJD2RWKZ9,0,07-08-25 11:01,07-08-25 11:01,07-08-25,11
MTI-M71EJD2RWKZ9,0,07-08-25 12:01,07-08-25 12:01,07-08-25,12
MTI-M71EJD2RWKZ9,0,07-08-25 13:01,07-08-25 13:01,07-08-25,13
MTI-M71EJD2RWKZ9,0,07-08-25 14:01,07-08-25 14:01,07-08-25,14
MTI-M71EJD2RWKZ9,0,07-08-25 15:01,07-08-25 15:01,07-08-25,15
MTI-M71EJD2RWKZ9,0,07-08-25 16:01,07-08-25 16:01,07-08-25,16
MTI-M71EJD2RWKZ9,0,07-08-25 17:01,07-08-25 17:01,07-08-25,17
MTI-M71EJD2RWKZ9,0,07-08-25 18:01,07-08-25 18:01,07-08-25,18
MTI-M71EJD2RWKZ9,0,07-08-25 19:01,07-08-25 19:01,07-08-25,19
MTI-M71EJD2RWKZ9,0,07-08-25 20:01,07-08-25 20:01,07-08-25,20
MTI-M71EJD2RWKZ9,0,07-08-25 21:01,07-08-25 21:01,07-08-25,21
MTI-M71EJD2RWKZ9,0,07-08-25 22:02,07-08-25 22:02,07-08-25,22
MTI-M71EJD2RWKZ9,0,07-08-25 23:01,07-08-25 23:01,07-08-25,23
MTI-M71EJD2RWKZ9,0,08-08-25 00:01,08-08-25 00:31,08-08-25,0
MTI-M71EJD2RWKZ9,0,08-08-25 01:01,08-08-25 01:31,08-08-25,1
MTI-M71EJD2RWKZ9,0,08-08-25 02:01,08-08-25 02:31,08-08-25,2
MTI-M71EJD2RWKZ9,0,08-08-25 03:01,08-08-25 03:31,08-08-25,3
MTI-M71EJD2RWKZ9,0,08-08-25 04:01,08-08-25 04:31,08-08-25,4
MTI-M71EJD2RWKZ9,0,08-08-25 05:01,08-08-25 05:31,08-08-25,5
MTI-M71EJD2RWKZ9,0,08-08-25 06:01,08-08-25 06:31,08-08-25,6
MTI-M71EJD2RWKZ9,0,08-08-25 07:01,08-08-25 07:31,08-08-25,7
MTI-M71EJD2RWKZ9,0,08-08-25 08:01,08-08-25 08:31,08-08-25,8
MTI-M71EJD2RWKZ9,0,08-08-25 09:01,08-08-25 09:31,08-08-25,9
MTI-M71EJD2RWKZ9,0,08-08-25 10:01,08-08-25 10:01,08-08-25,10
MTI-M71EJD2RWKZ9,0,08-08-25 11:01,08-08-25 11:01,08-08-25,11
MTI-M71EJD2RWKZ9,0,08-08-25 12:01,08-08-25 12:01,08-08-25,12
MTI-M71EJD2RWKZ9,0,08-08-25 13:01,08-08-25 13:01,08-08-25,13
MTI-M71EJD2RWKZ9,0,08-08-25 14:01,08-08-25 14:01,08-08-25,14
MTI-M71EJD2RWKZ9,0,08-08-25 15:01,08-08-25 15:01,08-08-25,15
MTI-M71EJD2RWKZ9,0,08-08-25 16:01,08-08-25 16:01,08-08-25,16
MTI-M71EJD2RWKZ9,0,08-08-25 17:01,08-08-25 17:01,08-08-25,17
MTI-M71EJD2RWKZ9,0,08-08-25 18:01,08-08-25 18:01,08-08-25,18
MTI-M71EJD2RWKZ9,0,08-08-25 19:02,08-08-25 19:02,08-08-25,19
MTI-M71EJD2RWKZ9,0,08-08-25 20:01,08-08-25 20:01,08-08-25,20
MTI-M71EJD2RWKZ9,0,08-08-25 21:01,08-08-25 21:01,08-08-25,21
MTI-M71EJD2RWKZ9,0,08-08-25 22:02,08-08-25 22:02,08-08-25,22
MTI-M71EJD2RWKZ9,0,08-08-25 23:01,08-08-25 23:01,08-08-25,23
MTI-M71EJD2RWKZ9,0,09-08-25 00:01,09-08-25 00:31,09-08-25,0
MTI-M71EJD2RWKZ9,0,09-08-25 01:01,09-08-25 01:31,09-08-25,1
MTI-M71EJD2RWKZ9,0,09-08-25 02:01,09-08-25 02:31,09-08-25,2
MTI-M71EJD2RWKZ9,0,09-08-25 03:01,09-08-25 03:31,09-08-25,3
MTI-M71EJD2RWKZ9,0,09-08-25 04:01,09-08-25 04:31,09-08-25,4
MTI-M71EJD2RWKZ9,0,09-08-25 05:01,09-08-25 05:31,09-08-25,5
MTI-M71EJD2RWKZ9,0,09-08-25 06:01,09-08-25 06:31,09-08-25,6
MTI-M71EJD2RWKZ9,0,09-08-25 07:02,09-08-25 07:31,09-08-25,7
MTI-M71EJD2RWKZ9,0,09-08-25 08:01,09-08-25 08:31,09-08-25,8
MTI-M71EJD2RWKZ9,0,09-08-25 09:01,09-08-25 09:31,09-08-25,9
MTI-M71EJD2RWKZ9,0,09-08-25 10:01,09-08-25 10:01,09-08-25,10
MTI-M71EJD2RWKZ9,0,09-08-25 11:01,09-08-25 11:01,09-08-25,11
MTI-M71EJD2RWKZ9,0,09-08-25 12:01,09-08-25 12:01,09-08-25,12
MTI-M71EJD2RWKZ9,0,09-08-25 13:01,09-08-25 13:01,09-08-25,13
MTI-M71EJD2RWKZ9,0,09-08-25 14:01,09-08-25 14:01,09-08-25,14
MTI-M71EJD2RWKZ9,0,09-08-25 15:01,09-08-25 15:01,09-08-25,15
MTI-M71EJD2RWKZ9,0,09-08-25 16:01,09-08-25 16:01,09-08-25,16
MTI-M71EJD2RWKZ9,0,09-08-25 17:01,09-08-25 17:01,09-08-25,17
MTI-M71EJD2RWKZ9,0,09-08-25 18:01,09-08-25 18:01,09-08-25,18
MTI-M71EJD2RWKZ9,0,09-08-25 19:01,09-08-25 19:01,09-08-25,19
MTI-M71EJD2RWKZ9,0,09-08-25 20:01,09-08-25 20:01,09-08-25,20
MTI-M71EJD2RWKZ9,0,09-08-25 21:01,09-08-25 21:01,09-08-25,21
MTI-M71EJD2RWKZ9,0,09-08-25 22:02,09-08-25 22:02,09-08-25,22
MTI-M71EJD2RWKZ9,0,09-08-25 23:01,09-08-25 23:01,09-08-25,23
MTI-M71EJD2RWKZ9,0,10-08-25 00:01,10-08-25 00:31,10-08-25,0
MTI-M71EJD2RWKZ9,0,10-08-25 01:01,10-08-25 01:31,10-08-25,1
MTI-M71EJD2RWKZ9,0,10-08-25 02:01,10-08-25 02:31,10-08-25,2
MTI-M71EJD2RWKZ9,0,10-08-25 03:01,10-08-25 03:31,10-08-25,3
MTI-M71EJD2RWKZ9,0,10-08-25 04:01,10-08-25 04:31,10-08-25,4
MTI-M71EJD2RWKZ9,0,10-08-25 05:01,10-08-25 05:31,10-08-25,5
MTI-M71EJD2RWKZ9,0,10-08-25 06:01,10-08-25 06:31,10-08-25,6
MTI-M71EJD2RWKZ9,0,10-08-25 07:01,10-08-25 07:31,10-08-25,7
MTI-M71EJD2RWKZ9,0,10-08-25 08:01,10-08-25 08:31,10-08-25,8
MTI-M71EJD2RWKZ9,0,10-08-25 09:01,10-08-25 09:31,10-08-25,9
MTI-M71EJD2RWKZ9,0,10-08-25 10:01,10-08-25 10:01,10-08-25,10
MTI-M71EJD2RWKZ9,0,10-08-25 11:01,10-08-25 11:01,10-08-25,11
MTI-M71EJD2RWKZ9,0,10-08-25 12:01,10-08-25 12:01,10-08-25,12
MTI-M71EJD2RWKZ9,0,10-08-25 13:01,10-08-25 13:01,10-08-25,13
MTI-M71EJD2RWKZ9,0,10-08-25 14:01,10-08-25 14:01,10-08-25,14
MTI-M71EJD2RWKZ9,0,10-08-25 15:01,10-08-25 15:01,10-08-25,15
MTI-M71EJD2RWKZ9,0,10-08-25 16:01,10-08-25 16:01,10-08-25,16
MTI-M71EJD2RWKZ9,0,10-08-25 17:01,10-08-25 17:01,10-08-25,17
MTI-M71EJD2RWKZ9,0,10-08-25 18:01,10-08-25 18:01,10-08-25,18
MTI-M71EJD2RWKZ9,0,10-08-25 19:01,10-08-25 19:01,10-08-25,19
MTI-M71EJD2RWKZ9,0,10-08-25 20:01,10-08-25 20:01,10-08-25,20
MTI-M71EJD2RWKZ9,0,10-08-25 21:01,10-08-25 21:01,10-08-25,21
MTI-M71EJD2RWKZ9,0,10-08-25 22:01,10-08-25 22:01,10-08-25,22
MTI-M71EJD2RWKZ9,0,10-08-25 23:01,10-08-25 23:01,10-08-25,23
MTI-M71EJD2RWKZ9,0,11-08-25 00:01,11-08-25 00:31,11-08-25,0
MTI-M71EJD2RWKZ9,0,11-08-25 01:01,11-08-25 01:31,11-08-25,1
MTI-M71EJD2RWKZ9,0,11-08-25 02:01,11-08-25 02:31,11-08-25,2
MTI-M71EJD2RWKZ9,0,11-08-25 03:01,11-08-25 03:31,11-08-25,3
MTI-M71EJD2RWKZ9,0,11-08-25 04:01,11-08-25 04:31,11-08-25,4
MTI-M71EJD2RWKZ9,0,11-08-25 05:01,11-08-25 05:31,11-08-25,5
MTI-M71EJD2RWKZ9,0,11-08-25 06:01,11-08-25 06:31,11-08-25,6
MTI-M71EJD2RWKZ9,0,11-08-25 07:01,11-08-25 07:31,11-08-25,7
MTI-M71EJD2RWKZ9,0,11-08-25 08:01,11-08-25 08:31,11-08-25,8
MTI-M71EJD2RWKZ9,0,11-08-25 09:01,11-08-25 09:31,11-08-25,9
MTI-M71EJD2RWKZ9,0,11-08-25 10:01,11-08-25 10:01,11-08-25,10
MTI-M71EJD2RWKZ9,0,11-08-25 11:01,11-08-25 11:01,11-08-25,11
MTI-M71EJD2RWKZ9,0,11-08-25 12:01,11-08-25 12:01,11-08-25,12
MTI-M71EJD2RWKZ9,0,11-08-25 13:01,11-08-25 13:01,11-08-25,13
MTI-M71EJD2RWKZ9,0,11-08-25 14:01,11-08-25 14:01,11-08-25,14
MTI-M71EJD2RWKZ9,0,11-08-25 15:01,11-08-25 15:01,11-08-25,15
MTI-M71EJD2RWKZ9,0,11-08-25 16:01,11-08-25 16:01,11-08-25,16
MTI-M71EJD2RWKZ9,0,11-08-25 17:01,11-08-25 17:01,11-08-25,17
MTI-M71EJD2RWKZ9,0,11-08-25 18:01,11-08-25 18:01,11-08-25,18
MTI-M71EJD2RWKZ9,0,11-08-25 19:01,11-08-25 19:01,11-08-25,19
MTI-M71EJD2RWKZ9,0,11-08-25 20:01,11-08-25 20:01,11-08-25,20
MTI-M71EJD2RWKZ9,0,11-08-25 21:01,11-08-25 21:01,11-08-25,21
MTI-M71EJD2RWKZ9,0,11-08-25 22:02,11-08-25 22:02,11-08-25,22
MTI-M71EJD2RWKZ9,0,11-08-25 23:01,11-08-25 23:01,11-08-25,23
MTI-M71EJD2RWKZ9,0,12-08-25 00:01,12-08-25 00:31,12-08-25,0
MTI-M71EJD2RWKZ9,0,12-08-25 01:01,12-08-25 01:31,12-08-25,1
MTI-M71EJD2RWKZ9,0,12-08-25 02:01,12-08-25 02:31,12-08-25,2
MTI-M71EJD2RWKZ9,0,12-08-25 03:01,12-08-25 03:31,12-08-25,3
MTI-M71EJD2RWKZ9,0,12-08-25 04:01,12-08-25 04:31,12-08-25,4
MTI-M71EJD2RWKZ9,0,12-08-25 05:01,12-08-25 05:31,12-08-25,5
MTI-M71EJD2RWKZ9,0,12-08-25 06:01,12-08-25 06:31,12-08-25,6
MTI-M71EJD2RWKZ9,0,12-08-25 07:02,12-08-25 07:31,12-08-25,7
MTI-M71EJD2RWKZ9,0,12-08-25 08:01,12-08-25 08:31,12-08-25,8
MTI-M71EJD2RWKZ9,0,12-08-25 09:01,12-08-25 09:31,12-08-25,9
MTI-M71EJD2RWKZ9,0,12-08-25 10:01,12-08-25 10:01,12-08-25,10
MTI-M71EJD2RWKZ9,0,12-08-25 11:01,12-08-25 11:01,12-08-25,11
MTI-M71EJD2RWKZ9,0,12-08-25 12:01,12-08-25 12:01,12-08-25,12
MTI-M71EJD2RWKZ9,0,12-08-25 13:01,12-08-25 13:01,12-08-25,13
MTI-M71EJD2RWKZ9,0,12-08-25 14:01,12-08-25 14:01,12-08-25,14
MTI-M71EJD2RWKZ9,0,12-08-25 15:01,12-08-25 15:01,12-08-25,15
MTI-M71EJD2RWKZ9,0,12-08-25 16:01,12-08-25 16:01,12-08-25,16
MTI-M71EJD2RWKZ9,0,12-08-25 17:01,12-08-25 17:01,12-08-25,17
MTI-M71EJD2RWKZ9,0,12-08-25 18:01,12-08-25 18:01,12-08-25,18
MTI-M71EJD2RWKZ9,0,12-08-25 19:01,12-08-25 19:01,12-08-25,19
MTI-M71EJD2RWKZ9,0,12-08-25 20:01,12-08-25 20:01,12-08-25,20
MTI-M71EJD2RWKZ9,0,12-08-25 21:01,12-08-25 21:01,12-08-25,21
MTI-M71EJD2RWKZ9,0,12-08-25 22:02,12-08-25 22:02,12-08-25,22
MTI-M71EJD2RWKZ9,0,12-08-25 23:01,12-08-25 23:01,12-08-25,23
MTI-M71EJD2RWKZ9,0,13-08-25 00:01,13-08-25 00:31,13-08-25,0
MTI-M71EJD2RWKZ9,0,13-08-25 01:01,13-08-25 01:31,13-08-25,1
MTI-M71EJD2RWKZ9,0,13-08-25 02:01,13-08-25 02:31,13-08-25,2
MTI-M71EJD2RWKZ9,0,13-08-25 03:01,13-08-25 03:31,13-08-25,3
MTI-M71EJD2RWKZ9,0,13-08-25 04:01,13-08-25 04:31,13-08-25,4
MTI-M71EJD2RWKZ9,0,13-08-25 05:01,13-08-25 05:31,13-08-25,5
MTI-M71EJD2RWKZ9,0,13-08-25 06:01,13-08-25 06:31,13-08-25,6
MTI-M71EJD2RWKZ9,0,13-08-25 07:01,13-08-25 07:31,13-08-25,7
MTI-M71EJD2RWKZ9,0,13-08-25 08:01,13-08-25 08:31,13-08-25,8
MTI-M71EJD2RWKZ9,0,13-08-25 09:01,13-08-25 09:31,13-08-25,9
MTI-M71EJD2RWKZ9,0,13-08-25 10:02,13-08-25 10:02,13-08-25,10
MTI-M71EJD2RWKZ9,0,13-08-25 11:01,13-08-25 11:01,13-08-25,11
MTI-M71EJD2RWKZ9,0,13-08-25 12:01,13-08-25 12:01,13-08-25,12
MTI-M71EJD2RWKZ9,0,13-08-25 13:01,13-08-25 13:01,13-08-25,13
MTI-M71EJD2RWKZ9,0,13-08-25 14:01,13-08-25 14:01,13-08-25,14
MTI-M71EJD2RWKZ9,0,13-08-25 15:01,13-08-25 15:01,13-08-25,15
MTI-M71EJD2RWKZ9,0,13-08-25 16:01,13-08-25 16:01,13-08-25,16
MTI-M71EJD2RWKZ9,0,13-08-25 17:01,13-08-25 17:01,13-08-25,17
MTI-M71EJD2RWKZ9,0,13-08-25 18:01,13-08-25 18:01,13-08-25,18
MTI-M71EJD2RWKZ9,0,13-08-25 19:01,13-08-25 19:01,13-08-25,19
MTI-M71EJD2RWKZ9,0,13-08-25 20:01,13-08-25 20:01,13-08-25,20
MTI-M71EJD2RWKZ9,0,13-08-25 21:01,13-08-25 21:01,13-08-25,21
MTI-M71EJD2RWKZ9,0,13-08-25 22:02,13-08-25 22:02,13-08-25,22
MTI-M71EJD2RWKZ9,0,13-08-25 23:01,13-08-25 23:01,13-08-25,23
MTI-M71EJD2RWKZ9,0,14-08-25 00:01,14-08-25 00:31,14-08-25,0
MTI-M71EJD2RWKZ9,0,14-08-25 01:01,14-08-25 01:31,14-08-25,1
MTI-M71EJD2RWKZ9,0,14-08-25 02:01,14-08-25 02:31,14-08-25,2
MTI-M71EJD2RWKZ9,0,14-08-25 03:01,14-08-25 03:31,14-08-25,3
MTI-M71EJD2RWKZ9,0,14-08-25 04:01,14-08-25 04:31,14-08-25,4
MTI-M71EJD2RWKZ9,0,14-08-25 04:01,14-08-25 04:01,14-08-25,4
MTI-M71EJD2RWKZ9,0,14-08-25 05:01,14-08-25 05:31,14-08-25,5
MTI-M71EJD2RWKZ9,0,14-08-25 06:01,14-08-25 06:31,14-08-25,6
MTI-M71EJD2RWKZ9,0,14-08-25 07:01,14-08-25 07:31,14-08-25,7
MTI-M71EJD2RWKZ9,0,14-08-25 08:01,14-08-25 08:31,14-08-25,8
MTI-M71EJD2RWKZ9,0,14-08-25 09:01,14-08-25 09:31,14-08-25,9
MTI-M71EJD2RWKZ9,0,14-08-25 10:01,14-08-25 10:01,14-08-25,10
MTI-M71EJD2RWKZ9,0,14-08-25 11:01,14-08-25 11:01,14-08-25,11
MTI-M71EJD2RWKZ9,0,14-08-25 12:01,14-08-25 12:01,14-08-25,12
MTI-M71EJD2RWKZ9,0.6,14-08-25 13:01,14-08-25 13:31,14-08-25,13
MTI-M71EJD2RWKZ9,0,14-08-25 14:01,14-08-25 14:01,14-08-25,14
MTI-M71EJD2RWKZ9,0,14-08-25 15:01,14-08-25 15:01,14-08-25,15
MTI-M71EJD2RWKZ9,0,14-08-25 16:01,14-08-25 16:01,14-08-25,16
MTI-M71EJD2RWKZ9,0,14-08-25 17:01,14-08-25 17:01,14-08-25,17
MTI-M71EJD2RWKZ9,0,14-08-25 18:01,14-08-25 18:01,14-08-25,18
MTI-M71EJD2RWKZ9,0,14-08-25 19:01,14-08-25 19:01,14-08-25,19
MTI-M71EJD2RWKZ9,0,14-08-25 20:01,14-08-25 20:01,14-08-25,20
MTI-M71EJD2RWKZ9,0,14-08-25 21:01,14-08-25 21:01,14-08-25,21
MTI-M71EJD2RWKZ9,0,14-08-25 22:02,14-08-25 22:02,14-08-25,22
MTI-M71EJD2RWKZ9,0,14-08-25 23:01,14-08-25 23:01,14-08-25,23
MTI-M71EJD2RWKZ9,0,15-08-25 00:01,15-08-25 00:31,15-08-25,0
MTI-M71EJD2RWKZ9,0,15-08-25 01:01,15-08-25 01:31,15-08-25,1
MTI-M71EJD2RWKZ9,0,15-08-25 02:01,15-08-25 02:31,15-08-25,2
MTI-M71EJD2RWKZ9,0,15-08-25 03:01,15-08-25 03:31,15-08-25,3
MTI-M71EJD2RWKZ9,0,15-08-25 04:02,15-08-25 04:31,15-08-25,4
MTI-M71EJD2RWKZ9,0,15-08-25 05:01,15-08-25 05:31,15-08-25,5
MTI-M71EJD2RWKZ9,0,15-08-25 06:01,15-08-25 06:31,15-08-25,6
MTI-M71EJD2RWKZ9,0,15-08-25 07:02,15-08-25 07:31,15-08-25,7
MTI-M71EJD2RWKZ9,0,15-08-25 08:01,15-08-25 08:31,15-08-25,8
MTI-M71EJD2RWKZ9,0,15-08-25 09:01,15-08-25 09:31,15-08-25,9
MTI-M71EJD2RWKZ9,0,15-08-25 10:01,15-08-25 10:01,15-08-25,10
MTI-M71EJD2RWKZ9,0,15-08-25 11:01,15-08-25 11:01,15-08-25,11
MTI-M71EJD2RWKZ9,0,15-08-25 12:01,15-08-25 12:01,15-08-25,12
MTI-M71EJD2RWKZ9,0,15-08-25 13:01,15-08-25 13:01,15-08-25,13
MTI-M71EJD2RWKZ9,0,15-08-25 14:01,15-08-25 14:01,15-08-25,14
MTI-M71EJD2RWKZ9,0,15-08-25 15:01,15-08-25 15:01,15-08-25,15
MTI-M71EJD2RWKZ9,0,15-08-25 16:01,15-08-25 16:01,15-08-25,16
MTI-M71EJD2RWKZ9,0,15-08-25 17:01,15-08-25 17:01,15-08-25,17
MTI-M71EJD2RWKZ9,0,15-08-25 18:01,15-08-25 18:01,15-08-25,18
MTI-M71EJD2RWKZ9,0,15-08-25 19:01,15-08-25 19:01,15-08-25,19
MTI-M71EJD2RWKZ9,0,15-08-25 20:01,15-08-25 20:01,15-08-25,20
MTI-M71EJD2RWKZ9,0,15-08-25 21:01,15-08-25 21:01,15-08-25,21
MTI-M71EJD2RWKZ9,0,15-08-25 22:01,15-08-25 22:01,15-08-25,22
MTI-M71EJD2RWKZ9,0,15-08-25 23:01,15-08-25 23:01,15-08-25,23
MTI-M71EJD2RWKZ9,0,16-08-25 00:01,16-08-25 00:31,16-08-25,0
MTI-M71EJD2RWKZ9,0,16-08-25 01:01,16-08-25 01:31,16-08-25,1
MTI-M71EJD2RWKZ9,0,16-08-25 02:01,16-08-25 02:31,16-08-25,2
MTI-M71EJD2RWKZ9,0,16-08-25 03:01,16-08-25 03:30,16-08-25,3
MTI-M71EJD2RWKZ9,0,16-08-25 04:01,16-08-25 04:31,16-08-25,4
MTI-M71EJD2RWKZ9,0,16-08-25 05:01,16-08-25 05:31,16-08-25,5
MTI-M71EJD2RWKZ9,0,16-08-25 06:01,16-08-25 06:31,16-08-25,6
MTI-M71EJD2RWKZ9,0,16-08-25 07:01,16-08-25 07:31,16-08-25,7
MTI-M71EJD2RWKZ9,0,16-08-25 08:01,16-08-25 08:31,16-08-25,8
MTI-M71EJD2RWKZ9,0,16-08-25 09:01,16-08-25 09:31,16-08-25,9
MTI-M71EJD2RWKZ9,0,16-08-25 10:01,16-08-25 10:01,16-08-25,10
MTI-M71EJD2RWKZ9,0,16-08-25 11:01,16-08-25 11:01,16-08-25,11
MTI-M71EJD2RWKZ9,0,16-08-25 12:01,16-08-25 12:01,16-08-25,12
MTI-M71EJD2RWKZ9,0,16-08-25 13:01,16-08-25 13:01,16-08-25,13
MTI-M71EJD2RWKZ9,0,16-08-25 14:01,16-08-25 14:01,16-08-25,14
MTI-M71EJD2RWKZ9,0,16-08-25 15:01,16-08-25 15:01,16-08-25,15
MTI-M71EJD2RWKZ9,0,16-08-25 16:01,16-08-25 16:01,16-08-25,16
MTI-M71EJD2RWKZ9,0,16-08-25 17:01,16-08-25 17:01,16-08-25,17
MTI-M71EJD2RWKZ9,0,16-08-25 18:01,16-08-25 18:01,16-08-25,18
MTI-M71EJD2RWKZ9,0,16-08-25 19:01,16-08-25 19:01,16-08-25,19
MTI-M71EJD2RWKZ9,0,16-08-25 20:01,16-08-25 20:01,16-08-25,20
MTI-M71EJD2RWKZ9,0,16-08-25 21:05,16-08-25 21:05,16-08-25,21
MTI-M71EJD2RWKZ9,0,16-08-25 22:02,16-08-25 22:02,16-08-25,22
MTI-M71EJD2RWKZ9,0,16-08-25 23:01,16-08-25 23:01,16-08-25,23
MTI-M71EJD2RWKZ9,0,17-08-25 00:01,17-08-25 00:31,17-08-25,0
MTI-M71EJD2RWKZ9,0,17-08-25 01:01,17-08-25 01:31,17-08-25,1
MTI-M71EJD2RWKZ9,0,17-08-25 02:01,17-08-25 02:31,17-08-25,2
MTI-M71EJD2RWKZ9,0,17-08-25 03:01,17-08-25 03:31,17-08-25,3
MTI-M71EJD2RWKZ9,0,17-08-25 04:01,17-08-25 04:31,17-08-25,4
MTI-M71EJD2RWKZ9,0,17-08-25 05:01,17-08-25 05:31,17-08-25,5
MTI-M71EJD2RWKZ9,0,17-08-25 06:01,17-08-25 06:31,17-08-25,6
MTI-M71EJD2RWKZ9,0,17-08-25 07:02,17-08-25 07:31,17-08-25,7
MTI-M71EJD2RWKZ9,0,17-08-25 08:01,17-08-25 08:31,17-08-25,8
MTI-M71EJD2RWKZ9,0,17-08-25 09:01,17-08-25 09:31,17-08-25,9
MTI-M71EJD2RWKZ9,0,17-08-25 10:01,17-08-25 10:01,17-08-25,10
MTI-M71EJD2RWKZ9,0,17-08-25 11:01,17-08-25 11:01,17-08-25,11
MTI-M71EJD2RWKZ9,0,17-08-25 12:01,17-08-25 12:01,17-08-25,12
MTI-M71EJD2RWKZ9,0,17-08-25 13:02,17-08-25 13:02,17-08-25,13
MTI-M71EJD2RWKZ9,0,17-08-25 14:01,17-08-25 14:01,17-08-25,14
MTI-M71EJD2RWKZ9,0,17-08-25 15:01,17-08-25 15:01,17-08-25,15
MTI-M71EJD2RWKZ9,0,17-08-25 16:01,17-08-25 16:01,17-08-25,16
MTI-M71EJD2RWKZ9,0,17-08-25 17:01,17-08-25 17:01,17-08-25,17
MTI-M71EJD2RWKZ9,0,17-08-25 18:01,17-08-25 18:01,17-08-25,18
MTI-M71EJD2RWKZ9,0,17-08-25 19:01,17-08-25 19:01,17-08-25,19
MTI-M71EJD2RWKZ9,0,17-08-25 19:01,17-08-25 19:01,17-08-25,19
MTI-M71EJD2RWKZ9,0,17-08-25 20:01,17-08-25 20:01,17-08-25,20
MTI-M71EJD2RWKZ9,0,17-08-25 21:01,17-08-25 21:01,17-08-25,21
MTI-M71EJD2RWKZ9,0,17-08-25 22:01,17-08-25 22:01,17-08-25,22
MTI-M71EJD2RWKZ9,0,17-08-25 23:01,17-08-25 23:01,17-08-25,23
MTI-M71EJD2RWKZ9,0,18-08-25 00:01,18-08-25 00:31,18-08-25,0
MTI-M71EJD2RWKZ9,0,18-08-25 01:01,18-08-25 01:31,18-08-25,1
MTI-M71EJD2RWKZ9,0,18-08-25 02:01,18-08-25 02:31,18-08-25,2
MTI-M71EJD2RWKZ9,0,18-08-25 03:01,18-08-25 03:31,18-08-25,3
MTI-M71EJD2RWKZ9,0,18-08-25 04:01,18-08-25 04:31,18-08-25,4
MTI-M71EJD2RWKZ9,0,18-08-25 05:01,18-08-25 05:31,18-08-25,5
MTI-M71EJD2RWKZ9,0,18-08-25 06:01,18-08-25 06:31,18-08-25,6
MTI-M71EJD2RWKZ9,0,18-08-25 07:02,18-08-25 07:31,18-08-25,7
MTI-M71EJD2RWKZ9,0,18-08-25 08:01,18-08-25 08:31,18-08-25,8
MTI-M71EJD2RWKZ9,0,18-08-25 08:01,18-08-25 08:01,18-08-25,8
MTI-M71EJD2RWKZ9,0,18-08-25 09:01,18-08-25 09:31,18-08-25,9
MTI-M71EJD2RWKZ9,0,18-08-25 10:01,18-08-25 10:01,18-08-25,10
MTI-M71EJD2RWKZ9,0,18-08-25 11:01,18-08-25 11:01,18-08-25,11
MTI-M71EJD2RWKZ9,0,18-08-25 12:01,18-08-25 12:01,18-08-25,12
MTI-M71EJD2RWKZ9,0,18-08-25 13:01,18-08-25 13:01,18-08-25,13
MTI-M71EJD2RWKZ9,0,18-08-25 14:01,18-08-25 14:01,18-08-25,14
MTI-M71EJD2RWKZ9,0,18-08-25 15:01,18-08-25 15:01,18-08-25,15
MTI-M71EJD2RWKZ9,0,18-08-25 16:01,18-08-25 16:01,18-08-25,16
MTI-M71EJD2RWKZ9,0,18-08-25 17:01,18-08-25 17:01,18-08-25,17
MTI-M71EJD2RWKZ9,6.6,18-08-25 18:01,18-08-25 18:31,18-08-25,18
MTI-M71EJD2RWKZ9,0,18-08-25 19:01,18-08-25 19:01,18-08-25,19
MTI-M71EJD2RWKZ9,0.2,18-08-25 20:01,18-08-25 20:01,18-08-25,20
MTI-M71EJD2RWKZ9,0.4,18-08-25 21:01,18-08-25 21:31,18-08-25,21
MTI-M71EJD2RWKZ9,0.2,18-08-25 22:02,18-08-25 22:02,18-08-25,22
MTI-M71EJD2RWKZ9,0.2,18-08-25 22:02,18-08-25 22:02,18-08-25,22
MTI-M71EJD2RWKZ9,0,18-08-25 23:01,18-08-25 23:01,18-08-25,23
MTI-M71EJD2RWKZ9,0,19-08-25 00:01,19-08-25 00:31,19-08-25,0
MTI-M71EJD2RWKZ9,0,19-08-25 01:01,19-08-25 01:31,19-08-25,1
MTI-M71EJD2RWKZ9,0,19-08-25 02:01,19-08-25 02:31,19-08-25,2
MTI-M71EJD2RWKZ9,0,19-08-25 03:01,19-08-25 03:31,19-08-25,3
MTI-M71EJD2RWKZ9,0,19-08-25 04:01,19-08-25 04:31,19-08-25,4
MTI-M71EJD2RWKZ9,0,19-08-25 05:01,19-08-25 05:31,19-08-25,5
MTI-M71EJD2RWKZ9,0,19-08-25 06:01,19-08-25 06:31,19-08-25,6
MTI-M71EJD2RWKZ9,0.2,19-08-25 07:01,19-08-25 07:31,19-08-25,7
MTI-M71EJD2RWKZ9,0,19-08-25 08:01,19-08-25 08:31,19-08-25,8
MTI-M71EJD2RWKZ9,0,19-08-25 09:01,19-08-25 09:31,19-08-25,9
MTI-M71EJD2RWKZ9,0,19-08-25 10:01,19-08-25 10:01,19-08-25,10
MTI-M71EJD2RWKZ9,0,19-08-25 11:01,19-08-25 11:01,19-08-25,11
MTI-M71EJD2RWKZ9,0,19-08-25 12:01,19-08-25 12:01,19-08-25,12
MTI-M71EJD2RWKZ9,0,19-08-25 13:01,19-08-25 13:01,19-08-25,13
MTI-M71EJD2RWKZ9,0,19-08-25 14:01,19-08-25 14:01,19-08-25,14
MTI-M71EJD2RWKZ9,0,19-08-25 15:01,19-08-25 15:01,19-08-25,15
MTI-M71EJD2RWKZ9,4.4,19-08-25 16:01,19-08-25 16:31,19-08-25,16
MTI-M71EJD2RWKZ9,16,19-08-25 17:01,19-08-25 17:31,19-08-25,17
MTI-M71EJD2RWKZ9,0.4,19-08-25 18:01,19-08-25 18:31,19-08-25,18
MTI-M71EJD2RWKZ9,3.8,19-08-25 19:02,19-08-25 19:31,19-08-25,19
MTI-M71EJD2RWKZ9,4.8,19-08-25 20:01,19-08-25 20:31,19-08-25,20
MTI-M71EJD2RWKZ9,2.2,19-08-25 21:01,19-08-25 21:31,19-08-25,21
MTI-M71EJD2RWKZ9,0.2,19-08-25 22:02,19-08-25 22:02,19-08-25,22
MTI-M71EJD2RWKZ9,0,19-08-25 23:01,19-08-25 23:01,19-08-25,23
MTI-M71EJD2RWKZ9,0,20-08-25 00:01,20-08-25 00:31,20-08-25,0
MTI-M71EJD2RWKZ9,0,20-08-25 01:01,20-08-25 01:31,20-08-25,1
MTI-M71EJD2RWKZ9,0,20-08-25 02:01,20-08-25 02:31,20-08-25,2
MTI-M71EJD2RWKZ9,0,20-08-25 03:01,20-08-25 03:31,20-08-25,3
MTI-M71EJD2RWKZ9,0,20-08-25 04:01,20-08-25 04:31,20-08-25,4
MTI-M71EJD2RWKZ9,0,20-08-25 05:01,20-08-25 05:31,20-08-25,5
MTI-M71EJD2RWKZ9,0,20-08-25 06:01,20-08-25 06:31,20-08-25,6
MTI-M71EJD2RWKZ9,0,20-08-25 07:01,20-08-25 07:31,20-08-25,7
MTI-M71EJD2RWKZ9,0,20-08-25 07:01,20-08-25 07:01,20-08-25,7
MTI-M71EJD2RWKZ9,0,20-08-25 08:01,20-08-25 08:31,20-08-25,8
MTI-M71EJD2RWKZ9,0,20-08-25 09:01,20-08-25 09:31,20-08-25,9
MTI-M71EJD2RWKZ9,0,20-08-25 10:01,20-08-25 10:01,20-08-25,10
MTI-M71EJD2RWKZ9,0,20-08-25 11:02,20-08-25 11:02,20-08-25,11
MTI-M71EJD2RWKZ9,0,20-08-25 11:02,20-08-25 11:02,20-08-25,11
MTI-M71EJD2RWKZ9,0,20-08-25 12:02,20-08-25 12:02,20-08-25,12
MTI-M71EJD2RWKZ9,0,20-08-25 12:02,20-08-25 12:02,20-08-25,12
MTI-M71EJD2RWKZ9,0,20-08-25 13:03,20-08-25 13:03,20-08-25,13
MTI-M71EJD2RWKZ9,0,20-08-25 13:03,20-08-25 13:03,20-08-25,13
MTI-M71EJD2RWKZ9,0,20-08-25 14:02,20-08-25 14:02,20-08-25,14
MTI-M71EJD2RWKZ9,0,20-08-25 14:02,20-08-25 14:02,20-08-25,14
MTI-M71EJD2RWKZ9,0,20-08-25 15:02,20-08-25 15:02,20-08-25,15
MTI-M71EJD2RWKZ9,0,20-08-25 15:03,20-08-25 15:03,20-08-25,15
MTI-M71EJD2RWKZ9,0,20-08-25 16:01,20-08-25 16:01,20-08-25,16
MTI-M71EJD2RWKZ9,0,20-08-25 17:01,20-08-25 17:01,20-08-25,17
MTI-M71EJD2RWKZ9,0,20-08-25 18:01,20-08-25 18:01,20-08-25,18
MTI-M71EJD2RWKZ9,0,20-08-25 19:01,20-08-25 19:01,20-08-25,19
MTI-M71EJD2RWKZ9,0,20-08-25 20:01,20-08-25 20:01,20-08-25,20
MTI-M71EJD2RWKZ9,0,20-08-25 21:01,20-08-25 21:01,20-08-25,21
MTI-M71EJD2RWKZ9,0,20-08-25 22:02,20-08-25 22:02,20-08-25,22
MTI-M71EJD2RWKZ9,0,20-08-25 23:01,20-08-25 23:01,20-08-25,23
MTI-M71EJD2RWKZ9,0,21-08-25 00:01,21-08-25 00:31,21-08-25,0
MTI-M71EJD2RWKZ9,0,21-08-25 01:01,21-08-25 01:31,21-08-25,1
MTI-M71EJD2RWKZ9,0,21-08-25 02:01,21-08-25 02:31,21-08-25,2
MTI-M71EJD2RWKZ9,0,21-08-25 03:01,21-08-25 03:31,21-08-25,3
MTI-M71EJD2RWKZ9,0,21-08-25 04:01,21-08-25 04:31,21-08-25,4
MTI-M71EJD2RWKZ9,0,21-08-25 05:01,21-08-25 05:31,21-08-25,5
MTI-M71EJD2RWKZ9,0,21-08-25 06:01,21-08-25 06:31,21-08-25,6
MTI-M71EJD2RWKZ9,0,21-08-25 07:01,21-08-25 07:31,21-08-25,7
MTI-M71EJD2RWKZ9,0,21-08-25 07:01,21-08-25 07:01,21-08-25,7
MTI-M71EJD2RWKZ9,0,21-08-25 08:01,21-08-25 08:31,21-08-25,8
MTI-M71EJD2RWKZ9,0,21-08-25 09:03,21-08-25 11:40,21-08-25,9
MTI-M71EJD2RWKZ9,0,21-08-25 09:03,21-08-25 09:03,21-08-25,9
MTI-M71EJD2RWKZ9,0,21-08-25 10:10,21-08-25 10:10,21-08-25,10
MTI-M71EJD2RWKZ9,0,21-08-25 11:02,21-08-25 11:02,21-08-25,11
MTI-M71EJD2RWKZ9,0,21-08-25 11:02,21-08-25 11:02,21-08-25,11
MTI-M71EJD2RWKZ9,0,21-08-25 12:01,21-08-25 12:01,21-08-25,12
MTI-M71EJD2RWKZ9,0,21-08-25 13:02,21-08-25 13:02,21-08-25,13
MTI-M71EJD2RWKZ9,0,21-08-25 13:02,21-08-25 13:02,21-08-25,13
MTI-M71EJD2RWKZ9,0,21-08-25 14:01,21-08-25 14:01,21-08-25,14
MTI-M71EJD2RWKZ9,0,21-08-25 14:02,21-08-25 14:02,21-08-25,14
MTI-M71EJD2RWKZ9,0,21-08-25 15:01,21-08-25 15:01,21-08-25,15
MTI-M71EJD2RWKZ9,0,21-08-25 15:01,21-08-25 15:01,21-08-25,15
MTI-M71EJD2RWKZ9,0,21-08-25 16:01,21-08-25 16:01,21-08-25,16
MTI-M71EJD2RWKZ9,0,21-08-25 17:01,21-08-25 17:01,21-08-25,17
MTI-M71EJD2RWKZ9,0,21-08-25 18:01,21-08-25 18:01,21-08-25,18
MTI-M71EJD2RWKZ9,0,21-08-25 19:01,21-08-25 19:01,21-08-25,19
MTI-M71EJD2RWKZ9,0,21-08-25 20:01,21-08-25 20:01,21-08-25,20
MTI-M71EJD2RWKZ9,0,21-08-25 21:01,21-08-25 21:01,21-08-25,21
MTI-M71EJD2RWKZ9,0,21-08-25 22:01,21-08-25 22:01,21-08-25,22
MTI-M71EJD2RWKZ9,0,21-08-25 23:01,21-08-25 23:01,21-08-25,23
MTI-M71EJD2RWKZ9,0,22-08-25 00:01,22-08-25 00:31,22-08-25,0
MTI-M71EJD2RWKZ9,0,22-08-25 01:01,22-08-25 01:31,22-08-25,1
MTI-M71EJD2RWKZ9,0,22-08-25 02:01,22-08-25 02:31,22-08-25,2
MTI-M71EJD2RWKZ9,0,22-08-25 03:01,22-08-25 03:31,22-08-25,3
MTI-M71EJD2RWKZ9,0,22-08-25 04:01,22-08-25 04:31,22-08-25,4
MTI-M71EJD2RWKZ9,0,22-08-25 05:01,22-08-25 05:31,22-08-25,5
MTI-M71EJD2RWKZ9,0,22-08-25 06:01,22-08-25 06:31,22-08-25,6
MTI-M71EJD2RWKZ9,0,22-08-25 07:01,22-08-25 07:31,22-08-25,7
MTI-M71EJD2RWKZ9,0,22-08-25 08:01,22-08-25 08:31,22-08-25,8
MTI-M71EJD2RWKZ9,0,22-08-25 09:01,22-08-25 09:31,22-08-25,9
MTI-M71EJD2RWKZ9,0,22-08-25 10:01,22-08-25 10:01,22-08-25,10
MTI-M71EJD2RWKZ9,0,22-08-25 11:01,22-08-25 11:01,22-08-25,11
MTI-M71EJD2RWKZ9,0,22-08-25 12:01,22-08-25 12:01,22-08-25,12
MTI-M71EJD2RWKZ9,0,22-08-25 13:01,22-08-25 13:01,22-08-25,13
MTI-M71EJD2RWKZ9,0,22-08-25 14:01,22-08-25 14:01,22-08-25,14
MTI-M71EJD2RWKZ9,0,22-08-25 15:01,22-08-25 15:01,22-08-25,15
MTI-M71EJD2RWKZ9,0,22-08-25 16:01,22-08-25 16:01,22-08-25,16
MTI-M71EJD2RWKZ9,0,22-08-25 17:01,22-08-25 17:01,22-08-25,17
MTI-M71EJD2RWKZ9,0,22-08-25 18:01,22-08-25 18:01,22-08-25,18
MTI-M71EJD2RWKZ9,0,22-08-25 19:01,22-08-25 19:01,22-08-25,19
MTI-M71EJD2RWKZ9,0,22-08-25 20:01,22-08-25 20:01,22-08-25,20
MTI-M71EJD2RWKZ9,0,22-08-25 21:01,22-08-25 21:01,22-08-25,21
MTI-M71EJD2RWKZ9,0,22-08-25 22:02,22-08-25 22:02,22-08-25,22
MTI-M71EJD2RWKZ9,0,22-08-25 23:01,22-08-25 23:01,22-08-25,23
MTI-M71EJD2RWKZ9,0,23-08-25 00:01,23-08-25 00:31,23-08-25,0
MTI-M71EJD2RWKZ9,0,23-08-25 01:01,23-08-25 01:31,23-08-25,1
MTI-M71EJD2RWKZ9,0,23-08-25 02:01,23-08-25 02:31,23-08-25,2
MTI-M71EJD2RWKZ9,0,23-08-25 03:01,23-08-25 03:31,23-08-25,3
MTI-M71EJD2RWKZ9,0,23-08-25 04:01,23-08-25 04:31,23-08-25,4
MTI-M71EJD2RWKZ9,0,23-08-25 05:01,23-08-25 05:31,23-08-25,5
MTI-M71EJD2RWKZ9,0,23-08-25 06:01,23-08-25 06:31,23-08-25,6
MTI-M71EJD2RWKZ9,0,23-08-25 07:01,23-08-25 07:31,23-08-25,7
MTI-M71EJD2RWKZ9,0,23-08-25 08:01,23-08-25 08:31,23-08-25,8
MTI-M71EJD2RWKZ9,0,23-08-25 09:01,23-08-25 09:31,23-08-25,9
MTI-M71EJD2RWKZ9,0,23-08-25 10:01,23-08-25 10:01,23-08-25,10
MTI-M71EJD2RWKZ9,0,23-08-25 11:01,23-08-25 11:01,23-08-25,11
MTI-M71EJD2RWKZ9,0,23-08-25 12:01,23-08-25 12:01,23-08-25,12
MTI-M71EJD2RWKZ9,0,23-08-25 13:01,23-08-25 13:01,23-08-25,13
MTI-M71EJD2RWKZ9,0,23-08-25 14:01,23-08-25 14:01,23-08-25,14
MTI-M71EJD2RWKZ9,0,23-08-25 15:01,23-08-25 15:01,23-08-25,15
MTI-M71EJD2RWKZ9,0,23-08-25 16:01,23-08-25 16:01,23-08-25,16
MTI-M71EJD2RWKZ9,0,23-08-25 17:01,23-08-25 17:01,23-08-25,17
MTI-M71EJD2RWKZ9,0,23-08-25 18:01,23-08-25 18:01,23-08-25,18
MTI-M71EJD2RWKZ9,0,23-08-25 19:01,23-08-25 19:01,23-08-25,19
MTI-M71EJD2RWKZ9,0,23-08-25 20:01,23-08-25 20:01,23-08-25,20
MTI-M71EJD2RWKZ9,0,23-08-25 21:01,23-08-25 21:01,23-08-25,21
MTI-M71EJD2RWKZ9,0,23-08-25 22:02,23-08-25 22:02,23-08-25,22
MTI-M71EJD2RWKZ9,0,23-08-25 23:01,23-08-25 23:01,23-08-25,23
MTI-M71EJD2RWKZ9,0,24-08-25 00:01,24-08-25 00:31,24-08-25,0
MTI-M71EJD2RWKZ9,0,24-08-25 01:01,24-08-25 01:31,24-08-25,1
MTI-M71EJD2RWKZ9,0,24-08-25 02:01,24-08-25 02:31,24-08-25,2
MTI-M71EJD2RWKZ9,0,24-08-25 03:01,24-08-25 03:31,24-08-25,3
MTI-M71EJD2RWKZ9,0,24-08-25 04:01,24-08-25 04:31,24-08-25,4
MTI-M71EJD2RWKZ9,0,24-08-25 04:01,24-08-25 04:01,24-08-25,4
MTI-M71EJD2RWKZ9,0,24-08-25 05:01,24-08-25 05:31,24-08-25,5
MTI-M71EJD2RWKZ9,0,24-08-25 06:01,24-08-25 06:31,24-08-25,6
MTI-M71EJD2RWKZ9,0,24-08-25 07:01,24-08-25 07:31,24-08-25,7
MTI-M71EJD2RWKZ9,0,24-08-25 08:01,24-08-25 08:31,24-08-25,8
MTI-M71EJD2RWKZ9,0,24-08-25 09:01,24-08-25 09:31,24-08-25,9
MTI-M71EJD2RWKZ9,0,24-08-25 10:01,24-08-25 10:01,24-08-25,10
MTI-M71EJD2RWKZ9,0,24-08-25 11:01,24-08-25 11:01,24-08-25,11
MTI-M71EJD2RWKZ9,0,24-08-25 12:01,24-08-25 12:01,24-08-25,12
MTI-M71EJD2RWKZ9,0,24-08-25 13:01,24-08-25 13:01,24-08-25,13
MTI-M71EJD2RWKZ9,0,24-08-25 14:01,24-08-25 14:01,24-08-25,14
MTI-M71EJD2RWKZ9,0,24-08-25 15:01,24-08-25 15:01,24-08-25,15
MTI-M71EJD2RWKZ9,0,24-08-25 16:01,24-08-25 16:01,24-08-25,16
MTI-M71EJD2RWKZ9,0,24-08-25 17:01,24-08-25 17:01,24-08-25,17
MTI-M71EJD2RWKZ9,0,24-08-25 18:01,24-08-25 18:01,24-08-25,18
MTI-M71EJD2RWKZ9,0,24-08-25 19:01,24-08-25 19:01,24-08-25,19
MTI-M71EJD2RWKZ9,0,24-08-25 20:01,24-08-25 20:01,24-08-25,20
MTI-M71EJD2RWKZ9,0,24-08-25 21:01,24-08-25 21:01,24-08-25,21
MTI-M71EJD2RWKZ9,0,24-08-25 22:02,24-08-25 22:02,24-08-25,22
MTI-M71EJD2RWKZ9,0,24-08-25 23:01,24-08-25 23:01,24-08-25,23
MTI-M71EJD2RWKZ9,0,25-08-25 00:01,25-08-25 00:31,25-08-25,0
MTI-M71EJD2RWKZ9,0,25-08-25 01:01,25-08-25 01:31,25-08-25,1
MTI-M71EJD2RWKZ9,0,25-08-25 02:01,25-08-25 02:31,25-08-25,2
MTI-M71EJD2RWKZ9,0,25-08-25 03:01,25-08-25 03:31,25-08-25,3
MTI-M71EJD2RWKZ9,0,25-08-25 04:01,25-08-25 04:31,25-08-25,4
MTI-M71EJD2RWKZ9,0,25-08-25 04:01,25-08-25 04:01,25-08-25,4
MTI-M71EJD2RWKZ9,0,25-08-25 05:01,25-08-25 05:31,25-08-25,5
MTI-M71EJD2RWKZ9,0,25-08-25 06:01,25-08-25 06:31,25-08-25,6
MTI-M71EJD2RWKZ9,0,25-08-25 07:01,25-08-25 07:31,25-08-25,7
MTI-M71EJD2RWKZ9,0,25-08-25 08:01,25-08-25 08:31,25-08-25,8
MTI-M71EJD2RWKZ9,0,25-08-25 09:01,25-08-25 09:31,25-08-25,9
MTI-M71EJD2RWKZ9,0,25-08-25 10:02,25-08-25 10:02,25-08-25,10
MTI-M71EJD2RWKZ9,0,25-08-25 11:01,25-08-25 11:01,25-08-25,11
MTI-M71EJD2RWKZ9,0,25-08-25 12:01,25-08-25 12:01,25-08-25,12
MTI-M71EJD2RWKZ9,0,25-08-25 13:01,25-08-25 13:01,25-08-25,13
MTI-M71EJD2RWKZ9,0,25-08-25 14:01,25-08-25 14:01,25-08-25,14
MTI-M71EJD2RWKZ9,0,25-08-25 15:01,25-08-25 15:01,25-08-25,15
MTI-M71EJD2RWKZ9,0,25-08-25 16:01,25-08-25 16:01,25-08-25,16
MTI-M71EJD2RWKZ9,0,25-08-25 17:01,25-08-25 17:01,25-08-25,17
MTI-M71EJD2RWKZ9,0,25-08-25 18:01,25-08-25 18:01,25-08-25,18
MTI-M71EJD2RWKZ9,0,25-08-25 19:01,25-08-25 19:01,25-08-25,19
MTI-M71EJD2RWKZ9,0,25-08-25 19:02,25-08-25 19:02,25-08-25,19
MTI-M71EJD2RWKZ9,0,25-08-25 20:01,25-08-25 20:01,25-08-25,20
MTI-M71EJD2RWKZ9,0,25-08-25 21:01,25-08-25 21:01,25-08-25,21
MTI-M71EJD2RWKZ9,0,25-08-25 22:02,25-08-25 22:02,25-08-25,22
MTI-M71EJD2RWKZ9,0,25-08-25 23:01,25-08-25 23:01,25-08-25,23
MTI-M71EJD2RWKZ9,0,26-08-25 00:01,26-08-25 00:31,26-08-25,0
MTI-M71EJD2RWKZ9,0,26-08-25 01:01,26-08-25 01:31,26-08-25,1
MTI-M71EJD2RWKZ9,0,26-08-25 02:01,26-08-25 02:31,26-08-25,2
MTI-M71EJD2RWKZ9,0,26-08-25 03:01,26-08-25 03:31,26-08-25,3
MTI-M71EJD2RWKZ9,0,26-08-25 04:01,26-08-25 04:31,26-08-25,4
MTI-M71EJD2RWKZ9,0,26-08-25 05:01,26-08-25 05:31,26-08-25,5
MTI-M71EJD2RWKZ9,0,26-08-25 06:01,26-08-25 06:31,26-08-25,6
MTI-M71EJD2RWKZ9,0,26-08-25 07:01,26-08-25 07:31,26-08-25,7
MTI-M71EJD2RWKZ9,0,26-08-25 08:01,26-08-25 08:31,26-08-25,8
MTI-M71EJD2RWKZ9,0,26-08-25 09:01,26-08-25 09:31,26-08-25,9
MTI-M71EJD2RWKZ9,0,26-08-25 10:02,26-08-25 10:02,26-08-25,10
MTI-M71EJD2RWKZ9,0,26-08-25 10:02,26-08-25 10:02,26-08-25,10
MTI-M71EJD2RWKZ9,0,26-08-25 11:01,26-08-25 11:01,26-08-25,11
MTI-M71EJD2RWKZ9,0,26-08-25 11:01,26-08-25 11:01,26-08-25,11
MTI-M71EJD2RWKZ9,0,26-08-25 12:01,26-08-25 12:01,26-08-25,12
MTI-M71EJD2RWKZ9,0,26-08-25 12:01,26-08-25 12:01,26-08-25,12
MTI-M71EJD2RWKZ9,0,26-08-25 13:02,26-08-25 13:02,26-08-25,13
MTI-M71EJD2RWKZ9,0,26-08-25 14:01,26-08-25 14:01,26-08-25,14
MTI-M71EJD2RWKZ9,0,26-08-25 15:01,26-08-25 15:01,26-08-25,15
MTI-M71EJD2RWKZ9,0,26-08-25 16:02,26-08-25 16:02,26-08-25,16
MTI-M71EJD2RWKZ9,0,26-08-25 17:01,26-08-25 17:01,26-08-25,17
MTI-M71EJD2RWKZ9,0,26-08-25 18:01,26-08-25 18:01,26-08-25,18
MTI-M71EJD2RWKZ9,0,26-08-25 19:01,26-08-25 19:01,26-08-25,19
MTI-M71EJD2RWKZ9,0,26-08-25 20:01,26-08-25 20:01,26-08-25,20
MTI-M71EJD2RWKZ9,0,26-08-25 21:01,26-08-25 21:01,26-08-25,21
MTI-M71EJD2RWKZ9,0,26-08-25 22:02,26-08-25 22:02,26-08-25,22
MTI-M71EJD2RWKZ9,0,26-08-25 23:01,26-08-25 23:01,26-08-25,23
MTI-M71EJD2RWKZ9,0,27-08-25 00:01,27-08-25 00:31,27-08-25,0
MTI-M71EJD2RWKZ9,0,27-08-25 01:01,27-08-25 01:31,27-08-25,1
MTI-M71EJD2RWKZ9,0,27-08-25 02:01,27-08-25 02:31,27-08-25,2
MTI-M71EJD2RWKZ9,0,27-08-25 03:01,27-08-25 03:31,27-08-25,3
MTI-M71EJD2RWKZ9,0,27-08-25 04:01,27-08-25 04:31,27-08-25,4
MTI-M71EJD2RWKZ9,0,27-08-25 05:01,27-08-25 05:31,27-08-25,5
MTI-M71EJD2RWKZ9,0,27-08-25 06:01,27-08-25 06:31,27-08-25,6
MTI-M71EJD2RWKZ9,0,27-08-25 07:01,27-08-25 07:31,27-08-25,7
MTI-M71EJD2RWKZ9,0,27-08-25 08:01,27-08-25 08:31,27-08-25,8
MTI-M71EJD2RWKZ9,0,27-08-25 09:01,27-08-25 09:31,27-08-25,9
MTI-M71EJD2RWKZ9,0,27-08-25 10:01,27-08-25 10:01,27-08-25,10
MTI-M71EJD2RWKZ9,0,27-08-25 11:01,27-08-25 11:01,27-08-25,11
MTI-M71EJD2RWKZ9,0,27-08-25 12:01,27-08-25 12:01,27-08-25,12
MTI-M71EJD2RWKZ9,0,27-08-25 13:01,27-08-25 13:01,27-08-25,13
MTI-M71EJD2RWKZ9,0,27-08-25 14:01,27-08-25 14:01,27-08-25,14
MTI-M71EJD2RWKZ9,0,27-08-25 15:01,27-08-25 15:01,27-08-25,15
MTI-M71EJD2RWKZ9,0,27-08-25 16:01,27-08-25 16:01,27-08-25,16
MTI-M71EJD2RWKZ9,0,27-08-25 17:01,27-08-25 17:01,27-08-25,17
MTI-M71EJD2RWKZ9,0,27-08-25 18:01,27-08-25 18:01,27-08-25,18
MTI-M71EJD2RWKZ9,0,27-08-25 19:01,27-08-25 19:01,27-08-25,19
MTI-M71EJD2RWKZ9,0,27-08-25 20:01,27-08-25 20:01,27-08-25,20
MTI-M71EJD2RWKZ9,0,27-08-25 21:01,27-08-25 21:01,27-08-25,21
MTI-M71EJD2RWKZ9,0,27-08-25 22:02,27-08-25 22:02,27-08-25,22
MTI-M71EJD2RWKZ9,0,27-08-25 22:02,27-08-25 22:02,27-08-25,22
MTI-M71EJD2RWKZ9,0,27-08-25 23:01,27-08-25 23:01,27-08-25,23
MTI-M71EJD2RWKZ9,0,28-08-25 00:01,28-08-25 00:31,28-08-25,0
MTI-M71EJD2RWKZ9,0,28-08-25 01:01,28-08-25 01:31,28-08-25,1
MTI-M71EJD2RWKZ9,0,28-08-25 02:01,28-08-25 02:31,28-08-25,2
MTI-M71EJD2RWKZ9,0,28-08-25 03:01,28-08-25 03:31,28-08-25,3
MTI-M71EJD2RWKZ9,0,28-08-25 04:01,28-08-25 04:31,28-08-25,4
MTI-M71EJD2RWKZ9,0,28-08-25 05:01,28-08-25 05:31,28-08-25,5
MTI-M71EJD2RWKZ9,0,28-08-25 06:01,28-08-25 06:31,28-08-25,6
MTI-M71EJD2RWKZ9,0,28-08-25 07:02,28-08-25 07:31,28-08-25,7
MTI-M71EJD2RWKZ9,0,28-08-25 08:01,28-08-25 08:31,28-08-25,8
MTI-M71EJD2RWKZ9,0,28-08-25 09:01,28-08-25 09:31,28-08-25,9
MTI-M71EJD2RWKZ9,0,28-08-25 10:01,28-08-25 10:01,28-08-25,10
MTI-M71EJD2RWKZ9,0,28-08-25 11:01,28-08-25 11:01,28-08-25,11
